public_id,title,description
1_sts3lg,Introduction to Philosophy: Values and Society,"A diverse group of people engaged in a deep conversation around a table, with books and philosophical texts scattered around. In the background, a large bookshelf filled with more books, and a window showing a peaceful outdoor scene with trees and sunlight. The scene conveys a sense of thoughtful discussion, reflection, and the importance of values in society."
2_sa8anm,Introduction to Philosophy: Knowledge and Reality,"A contemplative scene with an individual standing at the edge of a cliff, overlooking a vast landscape of mountains and valleys. The sky is filled with stars, symbolizing the vastness of knowledge and the mysteries of reality. Nearby, there's an ancient-looking book opened on a pedestal, with glowing symbols and text, representing the pursuit of knowledge and the philosophical quest for understanding reality."
3_tzwkbg,Symbolic Logic I,"A clean and modern scene featuring a chalkboard filled with logical symbols, formulas, and diagrams. In the foreground, there's a desk with a computer displaying a digital logic program and a few open books on symbolic logic. The background shows abstract geometric shapes and interconnected lines, symbolizing the precision and structure of logical reasoning."
4_oxaibh,Practical Logic,"A vibrant classroom setting with a whiteboard covered in diagrams of logical fallacies, decision trees, and problem-solving techniques. Students are actively engaged, working in groups with laptops and books on practical logic. The room is well-lit, with posters on the walls illustrating common logical principles and examples of real-world applications of logic."
5_ib6nj7,Metaphysics,"A surreal scene depicting a person standing at the edge of a mirror-like lake reflecting a starry night sky. Floating above the lake are abstract shapes and cosmic symbols, representing different metaphysical concepts. The background includes a mystical landscape with ethereal light and distant mountains, conveying a sense of exploring the fundamental nature of reality and existence."
6_ak5nmf,Indian Philosophy,"A serene scene depicting a traditional Indian setting with an ancient temple in the background. In the foreground, a group of philosophers sit under a large banyan tree, engaged in deep discussion. There are scrolls and manuscripts around them, and the environment is filled with elements like lotus flowers, incense, and traditional Indian art. The image captures the essence of Indian philosophy, spirituality, and wisdom."
7_q3rdfm,Islamic Philosophy,"A picturesque scene featuring a traditional Islamic courtyard with ornate arches and intricate geometric patterns. In the foreground, a group of philosophers is engaged in discussion, surrounded by ancient texts and scrolls. The background includes a beautiful garden with a fountain, and elements like calligraphy and lanterns add to the atmosphere. The image captures the essence of Islamic philosophy, scholarship, and intellectual tradition."
8_reqsmy,Philosophy of Mind,"An abstract and thought-provoking scene depicting a human head with a transparent skull, revealing a complex network of neurons and circuits inside. The background includes floating symbols and images representing thoughts, consciousness, and emotions. There is a blend of futuristic technology and natural elements, symbolizing the exploration of the mind and consciousness."
9_uhjf4h,The Human Person: Philosophical Issues,"A contemplative scene featuring a diverse group of people engaged in deep conversation, with a focus on a central figure reflecting in front of a mirror. The mirror shows a blend of their physical appearance and an abstract representation of their inner self, including thoughts and emotions. The background includes elements like books, philosophical texts, and a serene natural landscape, symbolizing the exploration of philosophical issues about the human person."
10_loxjhr,Epistemology,"A scholarly scene depicting an individual in a study surrounded by books, scrolls, and ancient texts. The person is examining a book with a magnifying glass, symbolizing the search for knowledge. The background features a large window showing a vast library and an open sky with rays of light, representing enlightenment and the pursuit of understanding. There are also symbols like keys, question marks, and interconnected lines, highlighting the complexity and depth of epistemological inquiries."
11_vrwavj,"Biology, Society, and Values","A vibrant scene depicting the intersection of biology, society, and values. In the foreground, a scientist is examining a plant sample with a microscope, while nearby, a diverse group of people is engaged in discussion. The background includes elements like DNA strands, ecological landscapes, and societal symbols such as justice scales and community gatherings. This image captures the integration of biological science with social values and ethical considerations."
12_whdhfa,The Art of Living Well: Meaning and the Good Life,"A serene and uplifting scene featuring a person meditating on a hilltop overlooking a beautiful sunrise. Surrounding them are symbols of different aspects of a good life: books representing knowledge, musical instruments for creativity, healthy food for wellness, and friends engaged in joyful activities for social connection. The background includes a harmonious natural landscape with vibrant colors, symbolizing balance and fulfillment in life."
13_oxxfho,Symbolic Logic II,"A modern and detailed scene of an advanced classroom or study area focused on symbolic logic. The foreground features a large digital whiteboard displaying complex logical proofs, formulas, and diagrams. Students are actively engaging with the content using tablets and laptops. The background includes bookshelves filled with advanced logic texts, and abstract geometric shapes and lines are subtly integrated into the design, symbolizing the intricate and precise nature of higher-level symbolic logic."
14_xvp4ih,Conceptual Development in Modern Logic,"A sophisticated scene depicting the evolution of logical concepts. In the foreground, a timeline stretches from ancient logic symbols and scrolls to modern digital logic diagrams on a computer screen. Scholars are shown discussing and writing on a large transparent board filled with complex logical equations and symbols. The background features a blend of historical libraries and futuristic technology, symbolizing the development of modern logic."
15_twpc5e,Ancient Greek Philosophy,"A classical scene depicting a group of philosophers in ancient Greece, engaged in deep discussion. They are seated in an open-air setting, surrounded by marble columns and statues. Scrolls and ancient texts are scattered around. The background includes a view of the Acropolis and other iconic Greek architecture. The atmosphere is serene and intellectual, capturing the essence of ancient Greek philosophy and its timeless quest for knowledge."
16_siq5nx,Trial and Execution of Socrates,"A dramatic scene depicting the trial and execution of Socrates in ancient Athens. Socrates stands calmly in the center, addressing a group of stern-looking judges and an attentive crowd. The background shows the Athenian courtroom with marble columns and statues. In the foreground, a cup of hemlock is placed on a table, symbolizing his impending execution. The atmosphere is tense and somber, capturing the historical and philosophical significance of this event."
17_krt2fk,Greek Philosophy and the Christian Tradition,"A serene scene depicting the blending of Greek philosophy and the Christian tradition. In the foreground, Greek philosophers and early Christian scholars are engaged in a respectful dialogue, surrounded by ancient texts and scrolls. The background features a mix of Greek architecture with marble columns and early Christian symbols like the cross and fish. The setting includes a beautiful garden with olive trees, symbolizing peace and the exchange of ideas between these two traditions."
18_dx2gyq,History of Philosophy - From Descartes to Hume,"A historical scene featuring key philosophers from Descartes to Hume. In the foreground, René Descartes is shown writing at a desk with mathematical diagrams, while John Locke and David Hume are engaged in animated discussion. The background includes a study with shelves of books and classical paintings. Elements like a globe, telescope, and philosophical texts symbolize the era's focus on reason, empiricism, and the scientific method. The atmosphere is scholarly and dynamic, capturing the intellectual fervor of the period."
19_ktpcxp,History of Philosophy - Medieval Philosophy and the Christian Tradition,"A historical scene depicting medieval philosophy within the Christian tradition. The foreground features medieval philosophers and theologians like St. Thomas Aquinas and St. Augustine engaged in scholarly debate, surrounded by ancient texts and manuscripts. The background includes a grand cathedral with stained glass windows and religious iconography, symbolizing the fusion of faith and reason. The setting is a richly decorated study with elements like quills, parchment, and illuminated manuscripts, capturing the intellectual spirit"
20_zf1ytf,Contemporary Ethical Issues,"A modern and dynamic scene depicting a diverse group of people engaged in a discussion about contemporary ethical issues. The setting is a conference room with a large table and digital screens displaying various topics like environmental ethics, technology and privacy, medical ethics, and social justice. The background includes elements like protest signs, medical symbols, and ecological imagery, symbolizing the wide range of current ethical challenges. The atmosphere is vibrant and thought-provoking, capturing the urgency and relevance of contemporary ethical debates."
21_fvh5fp,Philosophy of Science,"A modern and intellectual scene depicting the philosophy of science. In the foreground, a philosopher and a scientist are engaged in a deep discussion, surrounded by books, scientific instruments, and a blackboard filled with equations and philosophical notes. The background features a laboratory setting with microscopes, beakers, and a digital screen displaying a galaxy, symbolizing the interplay between scientific inquiry and philosophical analysis. The atmosphere is one of curiosity and rigorous exploration, capturing the essence of examining the nature and methods of scientific knowledge."
22_j9ktuu,Philosophy of Law,"A formal and intellectual scene depicting the philosophy of law, featuring a diverse group of people of various colors and races, including individuals of African origin. In the foreground, legal philosophers and scholars are engaged in a serious discussion, surrounded by legal texts and documents. The background features a courtroom with symbols of justice, such as the scales, gavel, and law books. There are elements like a judge's bench, a podium, and legal iconography, capturing the essence of legal philosophy and the exploration of justice, rights, and the rule of law. The atmosphere is solemn and contemplative, reflecting the weighty nature of philosophical inquiries into law."
23_wf7kjl,Existentialism,"A contemplative and introspective scene depicting existentialism, featuring a diverse group of individuals, including people of African origin and various other races, engaged in solitary reflection and deep conversation. The setting includes symbolic elements such as an open book with philosophical notes, a clock, and an empty chair. The background features a stark, minimalist landscape with a lone tree and a distant horizon, evoking themes of existence, freedom, and the search for meaning. The atmosphere is somber yet thoughtful, capturing the essence of existentialist philosophy."
24_zpxzns,Political Philosophy," A vibrant scene depicting political philosophy, featuring a diverse group of people engaged in a passionate debate. The setting includes a round table"
25_drygiy,Feminist Philosophy,"A powerful and inclusive scene depicting feminist philosophy. In the foreground, a diverse group of women are engaged in a vibrant discussion"
26_quqjwg,Saint Augustine of Hippo Philosophy,"A historical and reverent scene depicting Saint Augustine of Hippo in a moment of philosophical reflection. In the foreground, Saint Augustine is seated at a desk, writing in a manuscript, with an expression of deep contemplation. He is surrounded by books and scrolls. The background features a beautifully decorated church or study room with elements like stained glass windows, religious icons, and an open Bible. The atmosphere is serene and sacred, capturing the essence of Augustine's philosophical and theological contributions. Include a diverse group of individuals observing or engaging with his work to reflect his enduring influence."
28_z9iern,Philosophy of Saint Thomas Aquinas,"A historical and reverent scene depicting the philosophy of Saint Thomas Aquinas. In the foreground, Saint Thomas Aquinas is seated at a desk, writing in a manuscript, with an expression of deep contemplation. He is surrounded by books and scrolls. The background features a beautifully decorated church or study room with elements like stained glass windows, religious icons, and an open Bible. The atmosphere is serene and sacred, capturing the essence of Aquinas's philosophical and theological contributions. Include a diverse group of individuals observing or engaging with his work to reflect his enduring influence."
29_bqwd7z,"Risk, Choice, and Rationality","A dynamic scene depicting the philosophy of risk, choice, and rationality, featuring a diverse group of people of various colors and races, including individuals of African origin. In the foreground, individuals are engaged in a thoughtful discussion, surrounded by books, charts, and decision-making models. The setting includes elements like a decision tree on a whiteboard, probability graphs, and economic texts. The background features symbols of risk and choice, such as dice, a balance scale, and a maze, capturing the essence of rational decision-making. The atmosphere is analytical and thought-provoking, reflecting the intellectual exploration of risk, choice, and rationality."
30_sjlhqv,Philosophy of Aristotle,"A historical and scholarly scene depicting the philosophy of Aristotle. In the foreground, Aristotle is seated at a desk, writing in a manuscript, with an expression of deep contemplation. He is surrounded by scrolls, books, and ancient texts. The background features a classical Greek setting with marble columns, a statue of Aristotle, and elements like a lyceum or an ancient library. The atmosphere is serene and intellectual, capturing the essence of Aristotle's contributions to philosophy. Include a diverse group of individuals observing or engaging with his work to reflect his enduring influence."
31_iingtc,Medieval and Renaissance Philosophy,"A rich and historical scene depicting Medieval and Renaissance Philosophy. In the foreground, a diverse group of philosophers and scholars are engaged in lively discussion, surrounded by books, scrolls, and ancient texts. The setting includes elements from both eras, such as a medieval castle with a grand hall and a Renaissance study with ornate furniture. The background features a blend of Gothic and Renaissance architecture, with stained glass windows, religious icons, and classical statues. The atmosphere is intellectual and vibrant, capturing the transition and fusion of ideas between the Medieval and Renaissance periods."
32_anoc2j,Philosophy of Biology,"A vibrant scene depicting the philosophy of biology, featuring a diverse group of people of various colors and races, including individuals of African origin. In the foreground, philosophers and biologists are engaged in a deep discussion, surrounded by books, scientific instruments, and biological models. The setting includes a blend of a laboratory and a study room, with elements such as microscopes, DNA models, and philosophical texts. The background features symbols of life sciences, like a tree of life, a genetic code, and various species of plants and animals. The atmosphere is dynamic and inquisitive, capturing the intersection of biological science and philosophical inquiry."
33_mvudny,Philosophers - From Kant to Nietzsche,"A historical and scholarly scene depicting philosophers from Kant to Nietzsche. In the foreground, Immanuel Kant, Friedrich Nietzsche, and other influential philosophers of the era are engaged in deep discussion. They are surrounded by books, manuscripts, and classical artwork. The background features a study with ornate furniture, a grand library, and elements that symbolize their philosophical ideas, such as a balance scale for Kant's ethics and a hammer for Nietzsche's critique of tradition. The atmosphere is intellectual and dynamic, capturing the profound impact of these thinkers on modern philosophy."
34_rgfubp,Humans and Animals,A serene and thought-provoking scene depicting the relationship between humans and animals.
35_y3bzse,Foundations of Ethics,"A profound and contemplative scene depicting the foundations of ethics. In the foreground, a diverse group of philosophers and ethicists are engaged in deep discussion, surrounded by books, scrolls, and ethical texts. The setting includes a blend of a classical study and a modern conference room, with elements such as a balance scale, a globe, and a whiteboard filled with ethical principles and dilemmas. The background features symbols of justice, morality, and human rights, such as a courthouse, a statue of Lady Justice, and images of diverse communities. The atmosphere is thoughtful and introspective, capturing the essence of ethical inquiry."
36_mz5u3r,Environmental Ethics,"A vibrant and serene scene depicting environmental ethics. In the foreground, a diverse group of environmentalists and philosophers are engaged in a thoughtful discussion, surrounded by books, charts, and ecological models. The setting includes a natural landscape with trees, a river, and mountains in the background, symbolizing harmony with nature. Elements like recycling bins, solar panels, and wildlife further emphasize the theme of environmental responsibility. The atmosphere is peaceful and reflective, capturing the essence of ethical considerations in environmental conservation."
37_tsl0rw,Philosophy of Religion,"A serene and contemplative scene depicting the philosophy of religion. In the foreground, a diverse group of individuals, including philosophers and religious scholars, are engaged in deep discussion. They are surrounded by books, religious texts, and symbols from various faiths, such as a cross, a crescent moon, a Star of David, and a lotus flower. The background features a peaceful setting with elements like a church, a mosque, a temple, and a serene natural landscape, symbolizing the unity and diversity of religious thought. The atmosphere is thoughtful and respectful, capturing the essence of philosophical inquiry into religion."
38_bjr6mq,Philosophy of Computing,"A modern and intellectual scene depicting the philosophy of computing. In the foreground, a diverse group of philosophers and computer scientists are engaged in deep discussion, surrounded by computers, books, and digital screens displaying code and algorithms. The setting includes elements like a whiteboard filled with diagrams, robotic components, and artificial intelligence symbols. The background features a high-tech lab with holographic displays and futuristic technology, capturing the essence of philosophical inquiry into computing, technology, and artificial intelligence. The atmosphere is innovative and thought-provoking."
39_e0wtqz,Computers and Culture,"A dynamic and vibrant scene depicting the intersection of computers and culture. In the foreground, a diverse group of individuals, including artists, programmers, and philosophers, are engaged in discussion and collaboration. They are surrounded by computers, digital art, and cultural symbols from various traditions. The background features a blend of technology and cultural elements, such as digital screens displaying cultural artworks, traditional artifacts, and modern cityscapes. The atmosphere is lively and inclusive, capturing the influence of computing on cultural expression and societal change."
40_ywszyb,Introduction to Philosophy of Mathematics,"A thoughtful and intellectual scene depicting the introduction to the philosophy of mathematics. In the foreground, a diverse group of philosophers and mathematicians are engaged in deep discussion, surrounded by books, mathematical symbols, and equations. The setting includes elements like a chalkboard filled with mathematical proofs, geometric shapes, and philosophical texts. The background features a blend of a study room and a mathematics lab, with elements such as compasses, rulers, and a digital screen displaying complex mathematical models. The atmosphere is contemplative and analytical, capturing the essence of philosophical inquiry into mathematics."
41_clb4oo,Topics in Social Justice,"A vibrant and dynamic scene depicting topics in social justice, featuring a diverse group of people of various colors and races, including individuals of African origin. In the foreground, activists, philosophers, and community leaders are engaged in passionate discussion and collaboration. They are surrounded by books, posters, and symbols of social justice movements, such as scales of justice, protest signs, and community organizing tools. The background features a blend of urban and community settings, including a mural, a community center, and people participating in various social justice activities. The atmosphere is energetic and inclusive, capturing the essence of social justice advocacy and philosophical inquiry."
42_xcpnh0,Business Ethics,"A professional and inclusive scene depicting business ethics, featuring a diverse group of people of various colors and races, including individuals of African origin. In the foreground, business professionals and ethicists are engaged in a serious discussion around a conference table, surrounded by laptops, documents, and ethical guidelines. The setting includes elements like a whiteboard with ethical principles, financial charts, and a balance scale. The background features a modern office environment with glass walls, a cityscape view, and symbols of corporate social responsibility, such as recycling bins and community engagement posters. The atmosphere is focused and collaborative, capturing the essence of ethical considerations in the business world."
43_bsvs5l,Philosophy of Sexuality,"A thoughtful and inclusive scene depicting the philosophy of sexuality. In the foreground, a diverse group of philosophers and scholars are engaged in a deep discussion, surrounded by books, articles, and symbols representing various aspects of sexuality. The setting includes elements like a chalkboard with notes on gender and sexuality, artwork depicting different expressions of love and identity, and a safe, respectful environment. The background features a blend of modern and classical elements, symbolizing the historical and contemporary perspectives on sexuality. The atmosphere is open and respectful, capturing the essence of philosophical inquiry into sexuality."
44_ekwvjm,Science and Society,"A vibrant and inclusive scene depicting the intersection of science and society. In the foreground, a diverse group of scientists, philosophers, and community members are engaged in a lively discussion, surrounded by scientific equipment, books, and digital screens displaying data and societal impacts. The setting includes elements like a whiteboard with scientific and social concepts, posters promoting public health, and community engagement symbols. The background features a blend of a research lab and a community center, symbolizing the connection between scientific progress and societal well-being. The atmosphere is dynamic and collaborative, capturing the essence of the relationship between science and society."
45_ey0ocp,Philosophy of Criticism,"A contemplative and inclusive scene depicting the philosophy of criticism. In the foreground, a diverse group of philosophers and critics are engaged in a deep discussion, surrounded by books, articles, and symbols representing various forms of criticism, such as art, literature, and social critique. The setting includes elements like a chalkboard with notes on critical theory, artwork and literature that are subjects of critique, and a respectful, intellectual environment. The background features a blend of modern and classical elements, symbolizing the historical and contemporary perspectives on criticism. The atmosphere is thoughtful and analytical, capturing the essence of philosophical inquiry into criticism."
46_ru8d6i,Film and Philosophy,"A dynamic and intellectual scene depicting the intersection of film and philosophy. In the foreground, a diverse group of philosophers and film scholars are engaged in a lively discussion, surrounded by film reels, books, and digital screens displaying iconic film scenes. The setting includes elements like a chalkboard with notes on philosophical concepts in film, movie posters, and film equipment such as cameras and lights. The background features a blend of a film studio and a lecture hall, symbolizing the fusion of cinematic art and philosophical inquiry. The atmosphere is vibrant and engaging, capturing the essence of exploring philosophical themes through film."
47_zmxudg,Topics in Practical Ethics,"A dynamic and inclusive scene depicting topics in practical ethics. In the foreground, a diverse group of ethicists, philosophers, and community members are engaged in a thoughtful discussion around a table filled with books, documents, and ethical guidelines. The setting includes elements like a whiteboard with ethical principles, posters on topics such as healthcare, environmental ethics, and social justice. The background"
48_xj2l3j,Ethics and Artificial Intelligence,"A futuristic and intellectual scene depicting ethics and artificial intelligence. In the foreground, a diverse group of ethicists, philosophers, and AI researchers are engaged in a deep discussion, surrounded by robots, computers, and digital screens displaying AI algorithms and ethical guidelines. The setting includes elements like a whiteboard with notes on AI ethics, robotic components, and holographic displays. The background features a high-tech lab with advanced AI technology, symbolizing the intersection of ethical considerations and technological advancements. The atmosphere is innovative and thought-provoking, capturing the essence of ethical inquiry into artificial intelligence."
49_tvxy5e,Health Care Ethics,"A professional and inclusive scene depicting health care ethics. In the foreground, a diverse group of health care professionals, ethicists, and patients are engaged in a serious discussion around a conference table, surrounded by medical books, documents, and ethical guidelines. The setting includes elements like a whiteboard with notes on medical ethics, medical equipment, and posters on patient rights and health care standards. The background features a modern hospital environment with medical staff attending to patients, symbolizing the intersection of ethical considerations and medical practice. The atmosphere is focused and collaborative, capturing the essence of ethical inquiry in health care."
50_num8sc,Religious Existentialism,"A contemplative and profound scene depicting religious existentialism. In the foreground, a diverse group of philosophers and theologians are engaged in deep discussion and reflection, surrounded by religious texts, philosophical books, and symbols of various faiths. The setting includes elements like a cross, a crescent moon, a Star of David, and a lotus flower. The background features a serene environment with elements like a church, a mosque, a temple, and a natural landscape, symbolizing the intersection of religious thought and existential inquiry. The atmosphere is thoughtful and introspective, capturing the essence of religious existentialism."
51_u8xx5n,Topics in Metaphysics,"A profound and thought-provoking scene depicting topics in metaphysics. In the foreground, a diverse group of philosophers are engaged in deep discuss"
52_xgn2xq,Topics in Epistemology,"A scholarly and reflective scene depicting topics in epistemology. In the foreground, a diverse group of philosophers and scholars are engaged in deep discussion, surrounded by books, scrolls, and digital tablets displaying theories of knowledge. The setting includes elements like a chalkboard with notes on epistemological concepts, magnifying glasses, and symbolic representations of knowledge such as a light bulb and an open book. The background features a blend of a classical library and a modern study room, symbolizing the historical and contemporary perspectives on the theory of knowledge. The atmosphere is contemplative and intellectual, capturing the essence of exploring the nature and scope of knowledge."
53_lozlhz,Philosophy of Space and Time,"A profound and contemplative scene depicting the philosophy of space and time. In the foreground, a diverse group of philosophers and physicists are engaged in deep discussion, surrounded by books, manuscripts, and scientific instruments. The setting includes elements like a chalkboard with notes on theories of space and time, abstract geometric shapes, and a cosmic background with stars, galaxies, and a clock. The background features a blend of a classical study room and a futuristic lab, symbolizing the timeless and forward-looking nature of inquiries into space and time. The atmosphere is contemplative and intellectual, capturing the essence of exploring the fundamental nature of the universe."
54_qmv0jq,Topics in Philosophy of Science,"A dynamic and intellectual scene depicting topics in the philosophy of science. In the foreground, a diverse group of philosophers and scientists are engaged in a deep discussion, surrounded by books, scientific instruments, and digital screens displaying scientific theories and data. The setting includes elements like a chalkboard with notes on scientific methodologies, models of atoms and molecules, and philosophical texts. The background features a blend of a modern laboratory and a classical study room, symbolizing the intersection of scientific inquiry and philosophical analysis. The atmosphere is contemplative and collaborative, capturing the essence of exploring the nature and implications of scientific knowledge."
55_jfyzz1,Topics in Philosophy of Biology,"A vibrant scene depicting topics in the philosophy of biology, featuring a diverse group of people of various colors and races, including individuals of African origin. In the foreground, philosophers and biologists are engaged in a deep discussion, surrounded by books, scientific instruments, and biological models. The setting includes a blend of a laboratory and a study room, with elements such as microscopes, DNA models, and philosophical texts. The background features symbols of life sciences, like a tree of life, a genetic code, and various species of plants and animals. The atmosphere is dynamic and inquisitive, capturing the intersection of biological science and philosophical inquiry."
56_uvvpfh,Metalogic,"A modern and intellectual scene depicting the study of metalogic. In the foreground, a diverse group of logicians and philosophers are engaged in deep discussion, surrounded by books, computers, and whiteboards filled with logical symbols and proofs. The setting includes elements like abstract geometric shapes, complex diagrams, and digital screens displaying logical structures. The background features a blend of a classical study room and a high-tech lab, symbolizing the intersection of traditional logic and advanced computational theory. The atmosphere is analytical and focused, capturing the essence of exploring the foundations and implications of logical systems."
57_rygudn,Modal Logic,"A sophisticated and intellectual scene depicting the study of modal logic. In the foreground, a diverse group of logicians and philosophers are engaged in deep discussion, surrounded by books, whiteboards filled with logical symbols, and digital screens displaying modal logic diagrams. The setting includes elements like abstract geometric shapes, possible world diagrams, and a blend of traditional and modern furniture. The background features a mix of a classical study room and a high-tech lab, symbolizing the intersection of traditional logic and modern theoretical advancements. The atmosphere is analytical and focused, capturing the essence of exploring modal logic and its applications."
58_acgtoj,Topics in Advanced Symbolic Logic,"A detailed and intellectual scene depicting topics in advanced symbolic logic. In the foreground, a diverse group of logicians and philosophers are engaged in an intense discussion, surrounded by books, whiteboards filled with complex logical symbols, and digital screens displaying advanced logical proofs. The setting includes elements like abstract geometric shapes, intricate diagrams, and a blend of traditional and modern furniture. The background features a mix of a classical study room and a high-tech lab, symbolizing the intersection of traditional logic and advanced theoretical developments. The atmosphere is analytical and focused, capturing the essence of exploring advanced symbolic logic and its applications."
59_vamvee,Topics in Epistemology,"A scholarly and reflective scene depicting topics in epistemology. In the foreground, a diverse group of philosophers and scholars are engaged"
60_mpw45h,Topics in Philosophy of Mind,"A contemplative and intellectual scene depicting topics in the philosophy of mind. In the foreground, a diverse group of philosophers and cognitive science"
61_cokom4,Topics in Philosophy of Science," A dynamic and intellectual scene depicting topics in the philosophy of science. In the foreground, a diverse group of philosophers and scientists are "
62_zj2utc,Topics in Logic (Metalogic),"A surreal scene depicting a person standing at the edge of a mirror-like lake reflecting a starry night sky. Floating above the lake are abstract shapes and cosmic symbols, representing different metaphysical concepts. The background includes a mystical landscape with ethereal light and distant mountains, conveying a sense of exploring the fundamental nature of reality and existence."
63_tnfkod,Topics in Logic (Modal Logic),"A serene scene depicting a traditional Indian setting with an ancient temple in the background. In the foreground, a group of philosophers sit under a large banyan tree, engaged in deep discussion. There are scrolls and manuscripts around them, and the environment is filled with elements like lotus flowers, incense, and traditional Indian art. The image captures the essence of Indian philosophy, spirituality, and wisdom."
64_kjrjns,Computability and Gödel's Incompleteness Theorems,"A picturesque scene featuring a traditional Islamic courtyard with ornate arches and intricate geometric patterns. In the foreground, a group of philosophers is engaged in discussion, surrounded by ancient texts and scrolls. The background includes a beautiful garden with a fountain, and elements like calligraphy and lanterns add to the atmosphere. The image captures the essence of Islamic philosophy, scholarship, and intellectual tradition."
65_mkrtdw,Topics in the Philosophy of Language,"A vibrant and intellectual scene depicting topics in the philosophy of language. In the foreground, a diverse group of philosophers and linguists"
66_mymg3v,Topics in Medieval Philosophy,"A rich and historical scene depicting topics in medieval philosophy. In the foreground, a diverse group of medieval philosophers and scholars are engaged"
67_odwrzh,Meditation and Mind in Indian Philosophy,"A serene and contemplative scene depicting meditation and mind in Indian philosophy. In the foreground, a diverse group of individuals"
68_kcifx9,Roman Philosophy,"A contemplative and intellectual scene depicting the philosophy of René Descartes. In the foreground, Descartes, dressed in 17th-century attire"
69_lhjwmb,Philosophy of Descartes,"A serene and uplifting scene featuring a person meditating on a hilltop overlooking a beautiful sunrise. Surrounding them are symbols of different aspects of a good life: books representing knowledge, musical instruments for creativity, healthy food for wellness, and friends engaged in joyful activities for social connection. The background includes a harmonious natural landscape with vibrant colors, symbolizing balance and fulfillment in life."
70_ydcpje,Topics in Phenomenology,"A contemplative and intellectual scene depicting topics in phenomenology. In the foreground, a diverse group of philosophers are engaged in deep discussion"
71_nm2vuj,Topics in Philosophy and Psychology,"A dynamic and intellectual scene depicting topics in philosophy and psychology, featuring a diverse group of people of various colors and races, including individuals of African origin. In the foreground, philosophers and psychologists are engaged in a lively discussion, surrounded by books, charts, and brain models. The setting includes a blend of a philosophical study and a psychology lab, with elements such as a chalkboard filled with notes, psychological testing equipment, and philosophical texts. The background features symbols of both fields, like a brain diagram and a statue of a philosopher, capturing the intersection of philosophical inquiry and psychological study. The atmosphere is collaborative and thought-provoking, reflecting the deep connections between these two disciplines."
72_dfv7rt,Conceptual Development in Modern Logic,"A sophisticated scene depicting the evolution of logical concepts. In the foreground, a timeline stretches from ancient logic symbols and scrolls to modern digital logic diagrams on a computer screen. Scholars are shown discussing and writing on a large transparent board filled with complex logical equations and symbols. The background features a blend of historical libraries and futuristic technology, symbolizing the development of modern logic."
73_ppbyt1,Topics in Non-Western and Comparative Philosophy,"A vibrant and inclusive scene depicting topics in non-Western and comparative philosophy. In the foreground, a diverse group of philosophers from various cultural backgrounds, including Asian, African, Middle Eastern, and Indigenous traditions, are engaged in lively discussion. The setting includes symbols and texts from different philosophical traditions, such as scrolls, manuscripts, and traditional artifacts. The background features a blend of architectural styles, including pagodas, mosques, and traditional huts, symbolizing the rich diversity of global philosophical thought. The atmosphere is dynamic and multicultural, capturing the essence of comparative philosophy."
74_hftykm,Topics in Christain Philosophy,"A serene and thoughtful scene depicting topics in Christian philosophy. In the foreground, a diverse group of philosophers and theologians are engaged"
75_ojjzpn,Philosophy of Art,"A vibrant and creative scene depicting the philosophy of art. In the foreground, a diverse group of philosophers and artists are engaged in lively discussion"
76_kfp8pk,Philosophy of Hunting,"A thoughtful and reflective scene depicting the philosophy of hunting. In the foreground, a diverse group of philosophers and hunters are engaged"
77_j812vp,Moral Philosophy and the Christian Tradition,"A serene and intellectual scene depicting moral philosophy within the Christian tradition. In the foreground, a diverse group of philosophers and theologian"